<?xml version="1.0" encoding="UTF-8"?>
<BIF VERSION="0.3"  xmlns="http://www.cs.ubc.ca/labs/lci/fopi/ve/XMLBIFv0_3"
	xmlns:xsi="http://www.w3.org/2001/XMLSchema-instance"
	xsi:schemaLocation="http://www.cs.ubc.ca/labs/lci/fopi/ve/XMLBIFv0_3 http://www.cs.ubc.ca/labs/lci/fopi/ve/XMLBIFv0_3/XMLBIFv0_3.xsd">
<NETWORK>
<NAME>Untitled</NAME>
<PROPERTY>detailed = </PROPERTY>
<PROPERTY>short = </PROPERTY>

<VARIABLE TYPE="nature">
	<NAME>I</NAME>
	<OUTCOME>T</OUTCOME>
	<OUTCOME>F</OUTCOME>
	<PROPERTY>position = (7478.3994140625, 5099.20556640625)</PROPERTY>
</VARIABLE>

<VARIABLE TYPE="nature">
	<NAME>B</NAME>
	<OUTCOME>T</OUTCOME>
	<OUTCOME>F</OUTCOME>
	<PROPERTY>position = (7038.79150390625, 5095.38330078125)</PROPERTY>
</VARIABLE>

<VARIABLE TYPE="nature">
	<NAME>M</NAME>
	<OUTCOME>T</OUTCOME>
	<OUTCOME>F</OUTCOME>
	<PROPERTY>position = (7935.2080078125, 5095.38330078125)</PROPERTY>
</VARIABLE>

<VARIABLE TYPE="nature">
	<NAME>J</NAME>
	<OUTCOME>T</OUTCOME>
	<OUTCOME>F</OUTCOME>
	<PROPERTY>position = (7478.3994140625, 5370.6162109375)</PROPERTY>
</VARIABLE>

<VARIABLE TYPE="nature">
	<NAME>G</NAME>
	<OUTCOME>T</OUTCOME>
	<OUTCOME>F</OUTCOME>
	<PROPERTY>position = (7478.3994140625, 5223.443359375)</PROPERTY>
</VARIABLE>

<VARIABLE TYPE="nature">
	<NAME>P</NAME>
	<OUTCOME>T</OUTCOME>
	<OUTCOME>F</OUTCOME>
	<PROPERTY>position = (7722.0, 5278.0)</PROPERTY>
</VARIABLE>

<DEFINITION>
	<FOR>I</FOR>
	<GIVEN>B</GIVEN>
	<GIVEN>M</GIVEN>
	<TABLE>0.9 0.1 0.5 0.5 0.5 0.5 0.1 0.9</TABLE>
</DEFINITION>

<DEFINITION>
	<FOR>B</FOR>
	<TABLE>0.9 0.1</TABLE>
</DEFINITION>

<DEFINITION>
	<FOR>M</FOR>
	<TABLE>0.1 0.9</TABLE>
</DEFINITION>

<DEFINITION>
	<FOR>J</FOR>
	<GIVEN>G</GIVEN>
	<GIVEN>P</GIVEN>
	<TABLE>0.0 1.0 0.9 0.1 0.0 1.0 0.0 1.0</TABLE>
</DEFINITION>

<DEFINITION>
	<FOR>G</FOR>
	<GIVEN>I</GIVEN>
	<GIVEN>B</GIVEN>
	<GIVEN>M</GIVEN>
	<TABLE>0.9 0.1 0.8 0.2 0.2 0.8 0.1 0.9 0.0 1.0 0.0 1.0 0.0 1.0 0.0 1.0</TABLE>
</DEFINITION>

<DEFINITION>
	<FOR>P</FOR>
	<TABLE>0.5 0.5</TABLE>
</DEFINITION>
</NETWORK>
</BIF>
